{
  "v5_vs_zip": {
    "sizes": [
      32,
      64,
      96,
      128,
      160
    ],
    "gradient_zip": [
      2218,
      10207,
      24288,
      45015,
      69693
    ],
    "gradient_blkh": [
      3313,
      5635,
      9068,
      8671,
      21405
    ],
    "blobs_zip": [
      2444,
      9066,
      18962,
      31812,
      46573
    ],
    "blobs_blkh": [
      4087,
      7795,
      14022,
      21312,
      28502
    ]
  },
  "speedup": {
    "sizes": [
      32,
      64,
      96,
      128
    ],
    "v4_times": [
      2.1309149265289307,
      4.4902260303497314,
      6.518331587314606,
      8.536396980285645
    ],
    "v5_times": [
      0.5682439804077148,
      0.6908040046691895,
      0.7046844959259033,
      0.7113664150238037
    ]
  }
}